<?xml version="1.0" encoding="UTF-8"?>
<beans xmlns="http://www.springframework.org/schema/beans"
	xmlns:xsi="http://www.w3.org/2001/XMLSchema-instance" xmlns:p="http://www.springframework.org/schema/p"
	xmlns:context="http://www.springframework.org/schema/context"
	xmlns:aop="http://www.springframework.org/schema/aop" 
	xmlns:tx="http://www.springframework.org/schema/tx"
	xsi:schemaLocation="http://www.springframework.org/schema/beans
	   http://www.springframework.org/schema/beans/spring-beans.xsd
	   http://www.springframework.org/schema/context
	   http://www.springframework.org/schema/context/spring-context.xsd
	   http://www.springframework.org/schema/tx
	   http://www.springframework.org/schema/tx/spring-tx.xsd
	   http://www.springframework.org/schema/aop
	   http://www.springframework.org/schema/aop/spring-aop.xsd">
   
   <context:component-scan base-package="org.demo"></context:component-scan>
   <!-- 数据源 -->
 <bean id="dataSource" 
      class="org.springframework.jdbc.datasource.DriverManagerDataSource">
      <property name="driverClassName" value="com.mysql.cj.jdbc.Driver"/>
      <property name="url" value="jdbc:mysql://localhost:3306/mydatabase?useSSL=false&amp;serverTimezone=UTC"/>
      <property name="username" value="root"/>
      <property name="password" value="1234560."/>
   </bean> 
   <!-- SqlSessionFactory -->
   	<bean id="sqlSessionFactory" class="org.mybatis.spring.SqlSessionFactoryBean">
	  <property name="dataSource" ref="dataSource" />
	  <property name="mapperLocations" value="classpath:org/demo/mapping/**/*.xml" />
	</bean>
   <!-- 将映射接口扫描注册为bean -->
   <bean class="org.mybatis.spring.mapper.MapperScannerConfigurer">
		<property name="sqlSessionFactoryBeanName" value="sqlSessionFactory" />
	  	<property name="basePackage" value="org.demo.mappers" />
	</bean>
   
   <bean id="transactionManager"  
        class="org.springframework.jdbc.datasource.DataSourceTransactionManager">  
        <property name="dataSource" ref="dataSource" />  
    </bean>
    <tx:annotation-driven transaction-manager="transactionManager"/>
   
</beans>